,age_group,female,male,n,percent,source
0,< 18,586351,612585,1198936,8.296175577204878,Census
1,18-24,1080223,1110332,2190555,15.157797323229957,Census
2,25-34,1368036,1370769,2738805,18.951476268730445,Census
3,35-44,1213329,1167631,2380960,16.475326624858813,Census
4,45-54,1207996,1123688,2331684,16.13435567416391,Census
5,>= 55,1973503,1637228,3610731,24.984868531811998,Census
